month,dte,atm,max_pain,mp_diff,gamma_flip,total_gex_m,gex_pos,call_iv,put_iv,rr,pcr,im,im_pct
202610,1,69000.0,69000.0,-42,69063,225.89,True,25.89,8.48,17.41,0.004,621,0.9
202611,36,69000.0,69000.0,-42,69062,312.43,True,21.65,19.84,1.81,0.216,4495,6.5
202612,64,69000.0,69000.0,-42,69062,298.11,True,21.26,20.15,1.11,0.299,5982,8.7
202701,92,69000.0,69000.0,-42,69124,174.17,True,21.47,19.39,2.08,0.375,7077,10.3
202702,127,69000.0,69000.0,-42,69123,170.55,True,20.95,19.41,1.54,0.46,8213,11.9
202703,155,69000.0,69000.0,-42,69123,167.72,True,20.75,19.48,1.27,0.505,9045,13.1
202704,183,69000.0,69000.0,-42,69123,136.79,True,21.05,20.07,0.98,0.633,10045,14.6
202705,218,69000.0,69000.0,-42,69122,144.57,True,21.27,20.55,0.72,0.596,11150,16.2
202706,246,69000.0,69000.0,-42,69122,148.53,True,20.43,19.91,0.52,0.732,11426,16.6
202707,274,69000.0,69000.0,-42,69122,128.33,True,20.85,20.46,0.39,0.604,12348,17.9
202708,309,69000.0,69000.0,-42,69121,125.01,True,20.73,20.54,0.19,0.589,13100,19.0
202709,337,69000.0,69000.0,-42,69121,131.53,True,19.84,19.79,0.05,0.84,13137,19.0
202712,428,69000.0,69000.0,-42,69120,147.11,True,19.86,20.16,-0.3,0.839,14951,21.7
202803,519,69000.0,69000.0,-42,69120,93.42,True,19.99,20.59,-0.6,0.829,16694,24.2
202806,610,69000.0,69000.0,-42,69119,112.53,True,19.94,20.78,-0.84,1.068,18161,26.3
202812,792,69000.0,69000.0,-42,69118,114.61,True,19.6,20.85,-1.25,1.153,20557,29.8
202906,974,69000.0,69000.0,-42,69117,96.32,True,19.29,20.9,-1.61,1.225,22650,32.8
202912,1163,69000.0,69000.0,-42,69116,100.96,True,18.91,20.84,-1.93,1.279,24479,35.5
203006,1345,69000.0,69000.0,-42,69115,84.5,True,18.64,20.85,-2.21,1.332,26153,37.9
203012,1527,69000.0,69000.0,-42,69115,90.48,True,18.28,20.75,-2.47,1.379,27542,39.9
203106,1709,69000.0,69000.0,-42,69114,57.72,True,17.99,20.7,-2.71,1.533,28883,41.9
203112,1891,69000.0,69000.0,-42,69113,54.51,True,17.73,20.66,-2.93,1.559,30146,43.7
203206,2073,69000.0,69000.0,-42,69112,51.76,True,17.5,20.63,-3.13,1.582,31350,45.4
203212,2255,69000.0,69000.0,-42,69111,49.21,True,17.27,20.6,-3.33,1.607,32474,47.1
203306,2437,69000.0,69000.0,-42,69111,46.83,True,17.05,20.57,-3.52,1.63,33537,48.6
203312,2619,69000.0,69000.0,-42,69110,45.04,True,16.81,20.51,-3.7,1.65,34489,50.0
203406,2801,69000.0,69000.0,-42,69109,56.33,True,16.54,20.39,-3.85,1.155,35295,51.2
